ID;NAME;BIRTHDAY;HEIGHT;MARRIED
1;Bonnie Fields;11/03/1935;69.287;false
2;Christina Hughes;26/11/2063;6.27;false
3;Raymond Ford;27/07/1953;35.313;false
4;Craig Kennedy;17/08/1980;17.012;false
5;Diane Sims;11/09/1941;34.396;true
6;Antonio Bailey;10/02/1922;52.085;true
7;Melissa Bradley;01/10/1969;37.914;false
8;Fred Johnson;22/11/2010;62.542;false
9;Virginia Armstrong;20/04/2073;15.258;true
10;Samuel Ryan;19/03/1925;29.545;false
11;Christine Wheeler;03/06/2090;19.087;true
12;Stephen Lane;12/11/2076;58.377;false
13;Dorothy Gilbert;26/03/2062;20.9;false
14;Louise Wells;28/09/1928;87.914;false
15;Scott Rogers;15/09/1904;65.275;false
16;Shawn Davis;09/05/1965;98.274;true
17;George Fuller;07/06/1989;24.476;false
18;Shirley Willis;12/03/1986;45.156;false
19;Jack Mcdonald;06/03/2100;32.244;false
20;Frank Fernandez;12/02/1937;62.703;true
21;Bruce Bennett;28/04/2049;75.442;false
22;Frances Marshall;31/08/2025;95.441;true
23;Harold Peterson;07/02/1943;31.488;true
24;Bobby Tucker;10/04/2047;24.347;true
25;Lawrence Andrews;14/09/2058;35.453;true
26;Chris Mendoza;11/07/1994;61.117;false
27;Jane Richardson;21/04/1938;51.686;false
28;Joseph Vasquez;15/01/2067;21.218;true
29;Wayne Perkins;05/11/1957;35.19;false
30;Jessica Franklin;16/04/1907;63.268;false
31;Mildred Fowler;01/06/1968;72.485;true
32;Ralph Bowman;07/05/1971;35.389;true
33;Ashley Butler;20/12/2017;87.039;true
34;Steven Grant;13/04/2086;50.259;false
35;Janice Lee;26/05/2079;67.793;true
36;Kathleen Little;01/01/2100;41.741;true
37;Rose Hughes;29/03/2066;23.685;false
38;Joseph Diaz;24/04/1992;48.369;false
39;Cynthia Cox;12/07/2020;14.806;true
40;Julia Parker;04/09/1963;51.841;true
41;Jonathan Lawrence;15/11/1919;11.544;false
42;Harold Greene;30/11/2091;39.814;false
43;Judith Holmes;10/07/1988;68.35;false
44;Steven Fowler;17/02/1936;41.902;false
45;Steven Spencer;27/08/2007;39.439;true
46;Kenneth Owens;18/07/1927;92.261;false
47;Eugene Reyes;08/01/1938;45.516;true
48;Daniel Baker;20/11/1968;65.437;false
49;Patricia Hart;02/05/2012;70.227;true
50;Nicole Perkins;14/07/1972;60.777;true
51;Julie Baker;17/02/2031;90.726;true
52;Todd Simpson;31/03/1999;88.748;true
53;Lillian Montgomery;23/08/1996;59.301;true
54;Henry Wheeler;18/01/1932;88.015;true
55;Johnny Butler;11/04/2072;13.714;true
56;Janet Ramos;17/01/2096;76.086;true
57;Tina Wood;20/09/1951;33.909;true
58;Bruce Riley;12/02/2092;74.014;true
59;Diane Martin;13/12/2021;73.347;true
60;Gregory Stephens;03/12/2015;45.233;true
61;Michael Morales;29/01/1932;83.085;true
62;Willie Ray;02/05/1984;89.677;false
63;Russell Snyder;01/08/2073;19.104;true
64;Susan Hall;13/07/2085;35.455;false
65;Jason Tucker;20/08/1955;45.077;false
66;Jeffrey Robertson;15/04/2060;12.84;true
67;Andrew Austin;21/09/1901;91.432;false
68;Tammy Thompson;22/09/2036;30.289;false
69;Victor Hudson;18/04/1955;74.333;true
70;Kathleen Cole;15/09/2059;73.508;true
71;Cynthia Jones;26/12/1938;81.133;true
72;Walter Mitchell;13/08/1939;88.364;true
73;Joshua Price;08/06/2095;17.481;false
74;Adam Wheeler;15/04/1995;16.239;false
75;Roger Hamilton;25/07/1982;87.442;true
76;Ryan Holmes;28/04/1914;25.606;false
77;Donna Carter;14/07/2012;64.678;false
78;Ernest Chapman;01/10/1906;44.879;false
79;Bonnie Freeman;01/02/1957;84.09;true
80;Timothy Morris;06/12/1909;78.386;false
81;Clarence Fields;23/04/1945;39.728;true
82;Justin Perkins;04/01/2051;46.232;false
83;Antonio Palmer;28/01/1955;18.824;false
84;Daniel Ross;10/02/2093;48.504;true
85;Mary Torres;13/10/1904;14.994;true
86;Jerry Castillo;21/07/2051;24.482;true
87;Ronald Howell;22/04/1937;56.176;false
88;Juan Rodriguez;24/09/1942;56.973;false
89;Annie Williamson;12/01/2092;25.245;true
90;Terry Andrews;12/01/1922;69.28;true
91;Benjamin Jones;17/11/1990;65.422;false
92;Mildred Garza;30/06/1941;34.826;false
93;Ruth Perez;07/08/1914;7.503;true
94;Judy Rice;27/02/2024;80.018;true
95;Diane Webb;23/08/1901;27.81;false
96;Brandon Carroll;17/06/2032;72.897;false
97;Brandon Roberts;20/01/1921;65.144;false
98;Donald Frazier;15/09/2027;2.97;false
99;Jimmy Tucker;30/08/1909;71.402;true
100;Gloria Coleman;26/10/1961;9.881;true
101;Carolyn Smith;21/06/2049;95.345;true
102;Ann Hall;06/10/2052;75.085;true
103;Dorothy George;11/07/1902;1.763;true
104;Jennifer Wells;13/05/2001;94.276;false
105;Keith Kelly;19/08/2007;22.428;false
106;Kevin Wright;27/08/1908;85.635;true
107;Jane Long;08/06/1969;2.677;true
108;Brenda Larson;22/02/1931;15.41;false
109;Denise Morris;20/05/1939;93.773;true
110;Wanda Porter;19/06/1956;75.78;true
111;Evelyn Rogers;04/03/1958;95.729;false
112;Gregory Carroll;12/10/2083;11.41;false
113;Heather Torres;17/06/1989;71.826;false
114;Sandra Hansen;20/08/2042;13.963;true
115;Judith Nguyen;25/04/2048;60.986;false
116;Russell Stewart;22/12/2091;85.962;false
117;Kevin Garrett;30/03/2014;54.721;true
118;Lillian Owens;28/03/2004;95.728;false
119;Sarah Spencer;11/11/1948;15.037;false
120;Daniel Ross;11/09/2067;55.271;false
121;Anne Barnes;11/01/2050;66.157;true
122;Norma Torres;15/09/2034;34.484;false
123;Christina Boyd;07/06/2023;62.946;false
124;Norma Snyder;15/01/2035;24.038;false
125;Robin Burke;01/11/1933;59.545;false
126;Harold Fox;21/06/2003;14.097;false
10127;Jack King;27/07/1989;44.092;false
128;Jason Evans;01/12/1960;6.306;false
129;Bobby Dixon;11/10/2080;89.426;true
130;Dennis Jones;09/06/2068;34.771;true
131;Eric Stevens;14/03/1955;83.354;false
132;Amanda White;20/02/2070;8.375;true
133;Gerald Olson;06/02/1906;59.548;false
134;Jean Reyes;17/02/1980;72.53;true
135;Paul Murphy;20/06/2016;83.12;true
136;Sharon Reyes;04/12/1992;64.408;false
137;Catherine Wagner;06/06/1952;81.363;true
138;Ashley Freeman;04/06/1923;23.824;true
139;Debra Wood;31/03/2031;28.633;false
140;Dennis Black;10/01/2097;11.271;false
141;Jacqueline Hunt;09/04/1919;10.287;true
142;Carlos Stewart;23/10/2047;94.158;false
143;Catherine Kim;30/04/1940;94.173;false
144;Bobby Freeman;12/12/2084;60.071;true
145;Lori Grant;13/08/2042;26.771;false
146;Marilyn Olson;24/05/2096;82.609;true
147;Joseph Hill;22/05/1930;40.891;false
148;Wayne Diaz;08/04/1923;1.113;false
149;Paul Vasquez;06/03/1903;32.025;false
150;Julie Richardson;09/02/2098;53.722;true
151;Ruth Carr;19/01/2100;4.896;true
152;Jonathan Robertson;03/03/2006;35.085;true
153;Joan Wood;19/01/2002;24.531;true
154;Lois Wagner;24/08/2078;89.93;false
155;Harold Flores;09/07/1989;20.054;false
156;Terry Griffin;10/10/1919;4.335;false
157;Amanda Boyd;30/09/2053;97.3;false
158;Lawrence Perry;10/03/1938;19.224;false
159;Henry Gray;18/02/1978;93.034;true
160;Carlos Vasquez;22/08/1974;1.631;true
161;Paul Graham;15/02/2068;62.676;true
162;Lois Allen;15/10/1906;22.522;false
163;Alice Lee;05/04/1980;86.394;true
164;Craig Larson;24/10/2016;24.147;true
165;Mark Schmidt;30/12/1933;18.914;false
166;Frank Roberts;12/01/2036;19.9;true
167;Ernest Ward;12/06/2036;38.732;false
168;Todd Richards;03/11/1937;28.233;false
169;Frances Spencer;23/08/1969;10.805;true
170;Julie Freeman;01/10/1978;88.114;false
171;Joe Phillips;17/04/2087;40.238;true
172;Janet Armstrong;30/01/1972;8.262;true
173;Joseph Chavez;04/02/1968;30.141;false
174;Paula Morrison;09/05/1987;70.585;false
175;Jessica Cunningham;29/05/2008;38.445;false
176;Gregory Schmidt;21/04/1985;45.655;false
177;Nancy Hernandez;03/10/1927;38.153;true
178;Randy Garza;28/11/1989;56.742;true
179;Harry Sanchez;29/07/2099;53.023;true
180;Sarah Ellis;13/06/1936;49.284;false
181;Victor Nguyen;13/09/1942;54.933;false
182;Janet Davis;17/06/1923;11.362;false
183;Judy Hudson;13/11/2032;77.546;true
184;Melissa White;07/10/2025;52.505;true
185;Cynthia Burke;01/01/1960;8.225;true
186;Patricia Riley;27/07/2077;59.215;true
187;Cheryl Crawford;26/12/1931;71.526;true
188;David Rogers;01/09/1909;90.913;true
189;William Freeman;31/12/2040;22.652;true
190;Jean Brooks;24/07/2033;11.976;true
191;Willie Jackson;23/09/1935;29.127;false
192;Steve Franklin;13/02/2091;93.657;true
193;Martin Hudson;13/08/1991;6.412;true
194;Jerry Graham;29/07/2086;35.331;true
195;Joyce Perez;06/12/2013;84.308;false
196;Donna Ortiz;19/06/2036;65.037;false
197;Rebecca Mcdonald;29/04/1969;65.051;true
198;Thomas Thomas;10/10/1906;88.261;true
199;Denise Welch;05/06/1919;94.919;true
200;Deborah Weaver;27/08/1936;21.817;true
201;Benjamin Evans;12/08/1908;60.572;false
202;Roy Knight;01/10/1974;21.289;true
203;Brandon Dean;20/07/1920;95.339;true
204;Andrew Murphy;30/07/1942;5.795;true
205;Janice Banks;25/08/2089;93.71;true
206;Rachel Shaw;28/08/2006;76.538;false
207;John Diaz;09/10/2083;78.515;true
208;Kenneth Lopez;16/10/2089;75.018;false
209;Norma Rose;03/11/2018;34.727;true
210;Christina Lawrence;01/08/2061;67.745;true
211;Jack Lopez;12/08/1997;20.618;false
212;Henry Price;04/08/1918;4.433;true
213;Phyllis Martin;27/02/1908;95.895;false
214;Martha Bennett;25/06/1981;72.031;false
215;Shirley Hall;28/03/1960;5.106;false
216;Craig Taylor;19/09/2030;59.474;true
217;Louis Carter;25/12/1975;1.451;false
218;Chris Banks;27/02/1963;57.751;true
219;Kathryn Wheeler;02/01/2008;12.39;false
220;Christina Stewart;08/08/1988;34.76;true
221;Jesse Hunt;07/02/2100;21.119;false
222;Norma Watson;02/07/1943;92.062;false
223;Terry Frazier;12/07/2086;78.976;false
224;Craig Roberts;23/02/2051;27.697;true
225;Paul Stewart;18/10/1957;6.13;true
226;Lawrence Carr;27/11/1978;98.059;false
227;Gary Hernandez;09/12/2073;4.243;false
228;Virginia Garrett;13/12/2019;62.84;false
229;James Brown;24/02/2074;14.798;false
230;Anne Howard;06/10/1976;87.591;false
231;Angela Hunt;23/10/1974;34.944;false
232;Nicholas Peterson;27/08/2019;38.196;false
233;Matthew Harper;22/10/2010;79.513;true
234;Andrew Warren;30/05/2034;59.535;true
235;Jimmy Mendoza;21/12/1959;56.451;false
236;Nicole Fernandez;26/07/2036;18.868;false
237;Tina Miller;14/11/1999;58.07;true
238;Terry Hamilton;04/01/1906;55.378;true
239;Aaron Collins;11/05/2073;61.898;false
240;Debra Brooks;29/09/1961;4.455;true
241;Tina Moore;14/05/1908;83.549;false
242;Kathleen Porter;15/02/2049;98.342;false
243;Larry Cole;26/04/2030;95.094;true
244;Bobby Harper;07/06/1974;91.146;true
245;Charles Banks;21/11/1913;88.549;false
246;Maria Bailey;05/12/1977;54.016;true
247;Gerald Cooper;27/06/1950;5.249;false
248;Catherine Burke;01/05/2031;37.308;true
249;Robert Nguyen;02/02/1926;71.585;false
250;Jesse Wright;30/04/2002;62.264;false
251;Ronald Meyer;28/08/2064;2.054;false
252;Martha Day;20/12/1913;66.137;false
253;Susan Carpenter;23/09/2016;27.401;false
254;Ruby Stanley;22/10/2046;22.875;false
255;Adam Jenkins;30/03/2062;25.085;true
256;Paul Owens;05/10/1931;63.73;false
257;Antonio Hill;13/11/1983;72.89;false
258;Christopher Smith;06/04/1904;53.458;false
259;Ryan Schmidt;27/08/2050;46.905;false
260;Mary Cole;25/02/2057;80.181;true
261;Deborah Carpenter;17/01/1926;89.131;false
262;Rose Hunter;19/06/2093;52.669;false
263;Sara Carroll;28/01/1974;3.452;true
264;Michael Thompson;30/10/1950;5.446;true
265;Lois Rivera;19/05/2039;22.793;false
266;Nicholas Schmidt;29/08/2097;55.475;true
267;Sharon Campbell;31/12/2073;31.324;true
268;Ryan Dean;12/03/1984;97.799;false
269;Patricia Bell;18/08/2014;4.538;true
270;Aaron Chavez;22/06/1946;98.999;true
271;Victor Brooks;21/11/1986;37.406;true
272;Ruby Thompson;04/10/1909;81.472;false
273;Lori Lynch;23/02/2048;21.507;true
274;Jimmy Armstrong;13/01/2038;75.219;false
275;Julia George;27/06/1912;42.552;true
276;Victor Bailey;22/05/1923;53.612;true
277;Willie Parker;04/08/1991;57.282;false
278;Fred Cole;07/10/2039;90.687;true
279;Cynthia Wood;16/04/1997;36.24;false
280;John Williamson;23/05/2093;24.184;true
281;Fred Payne;18/06/1902;13.646;false
282;Ronald Wagner;10/04/1920;64.85;false
283;Earl Hall;14/07/1937;14.983;false
284;Annie Dunn;19/01/2063;24.442;true
285;Howard Olson;27/07/2066;92.979;true
286;Jeffrey Carr;31/01/2099;27.774;false
287;Clarence Washington;08/04/2028;46.593;true
288;Lori Morris;07/05/1959;73.447;false
289;Sean Clark;07/04/2047;43.715;false
290;Earl Peters;23/02/2079;70.212;true
291;James Hawkins;26/11/1920;98.746;true
292;Wayne Porter;02/07/2066;8.503;true
293;Maria Cole;06/10/1994;1.012;true
294;Gloria Chavez;18/03/1943;87.273;false
295;Sharon Warren;28/08/1966;56.66;true
296;Louis Garrett;29/05/2075;45.296;false
297;Frank Wallace;20/09/1990;61.555;false
298;Justin Bradley;17/10/1944;8.747;false
299;Lois Miller;05/02/1930;86.755;true
300;Scott Harris;14/06/2037;88.625;true
301;Kathryn Williamson;06/03/1944;34.698;false
302;Jean Crawford;01/11/1991;62.562;true
303;Dorothy Rivera;23/07/1952;35.53;true
304;Jimmy Moreno;12/09/2037;48.32;false
305;Ralph Stevens;12/12/2042;60.268;true
306;Ann Hernandez;09/09/2052;5.294;true
307;Annie Ray;30/11/2080;67.061;true
308;Keith Vasquez;12/08/2049;10.428;true
309;Karen Allen;26/12/2072;79.316;true
310;Ashley Perez;17/03/2000;78.318;false
311;Teresa Watkins;10/07/2033;61.51;true
312;Cheryl Cooper;28/10/1928;36.368;true
313;Stephen Sanders;26/09/1931;20.752;false
314;Jeffrey Sanchez;11/10/2059;54.672;true
315;Earl Austin;10/04/2032;32.8;true
316;Jane Carroll;12/05/2071;33.129;false
317;Sara Gray;05/07/1997;98.648;true
318;Carlos Gray;26/02/2013;36.015;false
319;Victor Evans;01/08/2039;53.554;false
320;Jimmy Moore;11/12/2087;92.586;false
321;Steven Ford;20/09/1957;48.161;false
322;Lawrence Garrett;05/09/2021;79.794;false
323;Kathleen Lopez;27/06/1937;22.896;false
324;Chris Green;06/10/1931;33.508;false
325;Catherine Cox;29/05/1939;23.604;false
326;Brenda Brown;10/08/2032;58.565;false
327;Kelly Davis;04/04/2026;17.725;false
328;Janet Arnold;12/07/2038;98.141;false
329;Denise Johnston;31/05/2061;69.761;true
330;Bonnie Brooks;13/03/2068;44.84;false
331;Jason Larson;23/11/2001;69.319;true
332;Juan Price;05/07/2029;47.641;false
333;Alan Alvarez;15/05/2081;70.973;true
334;Gregory Gardner;09/12/1941;8.421;false
335;Earl Myers;01/07/1917;19.472;false
336;Roger Crawford;10/05/1998;92.971;true
337;Norma Larson;23/09/1993;40.673;false
338;Walter Romero;26/02/1940;33.205;false
339;Diana Sims;28/04/2049;63.869;false
340;Diana Mills;03/06/2044;84.118;false
341;Raymond Day;03/01/2032;1.455;true
342;Jacqueline Brooks;28/07/2073;70.655;true
343;Judith Knight;17/07/2026;73.004;true
344;Craig Wood;24/11/2001;37.568;false
345;Amanda Medina;13/10/2034;63.13;true
346;Ruby Cole;13/10/2047;88.901;true
347;Evelyn Bradley;13/11/1918;79.172;true
348;Kevin Harrison;26/05/1906;40.249;true
349;Justin Harvey;16/10/1965;36.624;false
350;Norma Kelly;18/04/1913;42.669;true
351;Gary Duncan;20/09/1929;70.845;true
352;Laura Torres;21/05/2057;43.452;true
353;Amanda Foster;03/04/2042;87.245;true
354;Judy Nichols;20/10/1918;68.691;true
355;Rachel Brown;07/12/2083;1.177;true
356;Benjamin Morgan;30/10/2007;86.822;true
357;Harry Parker;15/03/2014;35.804;false
358;Benjamin Hill;05/01/2003;8.167;false
359;Ruth Thomas;08/12/2008;6.373;false
360;Betty West;27/07/1906;62.096;false
361;Jennifer Reyes;31/12/2050;41.416;false
362;Cynthia Simmons;28/07/2016;67.761;false
363;Elizabeth Hughes;07/01/2038;4.478;false
364;Charles Stewart;21/12/1952;54.78;true
365;Willie Alvarez;28/08/1938;1.38;true
366;Dennis Collins;06/11/2051;8.328;false
367;Rachel Bishop;18/09/1992;77.197;true
368;Wayne Weaver;22/05/2019;78.433;true
369;Ernest Nelson;14/10/2066;41.703;true
370;Amanda Wells;17/09/1985;82.677;false
371;Maria Rivera;28/07/2015;30.025;false
372;Margaret Rivera;18/12/2035;43.595;false
373;Ernest Butler;20/10/1913;84.809;false
374;Diane Wallace;23/08/1956;92.812;false
375;Barbara Sanchez;05/08/2093;28.341;false
376;Tina Fuller;14/12/1933;67.357;true
377;Louis Burke;25/12/2007;28.218;false
378;Arthur Sullivan;13/07/2033;5.637;true
379;Joyce Garza;27/07/2076;59.006;false
380;Sandra Gardner;02/02/1931;56.201;true
381;Aaron Ray;13/02/1945;97.517;false
382;Heather Shaw;22/07/2093;42.257;true
383;Arthur Cole;25/07/1944;55.469;true
384;Ryan Wood;03/03/2088;31.654;false
385;Theresa Gonzales;02/07/2058;4.512;true
386;Walter Cook;19/10/2041;99.078;false
387;Victor Shaw;30/03/2077;65.163;true
388;James Gibson;16/02/2064;24.695;false
389;Ernest Carroll;27/06/2092;93.605;false
390;Janice Flores;23/10/1932;36.769;true
391;Charles King;25/06/2052;17.722;true
392;Mildred Owens;24/05/1940;22.999;true
393;Katherine Rivera;20/06/2076;97.255;true
394;Amy Berry;30/01/1966;69.812;false
395;Jean Larson;15/12/2047;14.161;false
396;Robin Green;25/07/1926;99.972;true
397;Gary Alvarez;23/05/2025;22.127;false
398;Jonathan Cooper;13/08/1991;53.519;false
399;Teresa Howard;01/03/2048;67.628;true
400;Judy Wheeler;21/09/2067;5.892;true
401;Kimberly Morgan;14/03/1963;30.243;false
402;Anthony Scott;18/04/1988;17.476;true
403;Beverly Flores;06/11/1904;66.591;true
404;Ryan Hanson;07/10/2095;33.411;true
405;Alice Riley;19/02/1975;41.983;false
406;Kathleen Berry;02/11/1977;76.688;true
407;Charles Wright;02/10/1998;22.858;true
408;Kathryn Freeman;10/04/1936;93.796;true
409;Robert King;21/12/1983;52.737;true
410;Roger Ruiz;21/01/2004;54.502;true
411;Lillian Robertson;28/11/1921;15.168;false
412;Laura Spencer;18/08/2026;55.74;false
413;Dennis Kim;12/01/2019;5.554;false
414;George Moreno;13/11/1940;81.6;true
415;Pamela Bradley;25/12/1941;96.997;true
416;Jeffrey Perkins;22/04/2003;84.807;true
417;Judy Henry;29/11/1931;68.921;true
418;Cheryl Baker;23/03/1979;54.572;false
419;Charles Rose;14/05/2039;46.689;true
420;Anne Stephens;08/07/2072;43.88;true
421;Ann Stanley;25/03/2066;2.534;true
422;Jennifer Fox;31/12/1989;71.973;false
423;Carlos James;04/01/2096;77.918;false
424;Gregory Moreno;15/03/2016;93.804;true
425;Cheryl Stephens;08/11/1964;81.911;false
426;Anna Lynch;21/07/2003;69.47;false
427;Bonnie Hansen;08/04/2078;75.301;true
428;Ruby Bowman;22/04/2056;29.238;false
429;Howard Richards;04/03/2098;72.681;true
430;Kelly Wallace;27/11/1917;27.288;true
431;Bruce Stanley;10/01/2053;73.869;true
432;Jack Ortiz;02/02/2038;73.917;true
433;Margaret Miller;01/07/1967;78.452;true
434;Jean Frazier;15/03/1941;39.319;true
435;Fred Powell;28/09/1929;87.121;false
436;Jane Collins;16/06/2025;69.484;true
437;Martin Baker;01/08/1961;87.738;true
438;Carol Carpenter;30/12/1962;11.774;false
439;Gloria Howell;17/09/2098;72.459;false
440;Kathryn Ortiz;02/10/2034;54.167;true
441;Eric Green;22/11/2050;25.969;true
442;Shirley Pierce;21/06/1922;35.109;true
443;Amy Perry;22/05/2069;88.376;true
444;Sean Murray;04/10/2036;40.329;true
445;Shirley Gutierrez;22/05/1917;6.886;false
446;Donald Ford;02/05/2032;61.794;false
447;Jean Vasquez;02/08/2008;58.154;false
448;Kelly Lee;11/05/1988;56.895;false
449;Julie Carpenter;09/11/1914;83.289;false
450;Marilyn Snyder;10/12/2022;46.995;false
451;Nicole Flores;14/12/1919;52.517;false
452;Ronald Schmidt;08/04/2055;97.149;false
453;Thomas Henry;20/07/2008;94.795;false
454;Jesse Collins;23/01/2067;10.253;true
455;Brenda Cunningham;14/08/1972;52.475;false
456;Todd Harper;31/10/1976;95.848;true
457;Anthony Wheeler;07/10/2069;40.271;false
458;Jason Torres;06/08/2098;86.157;true
459;Chris Cox;24/01/2097;67.328;false
460;Walter Washington;15/06/2017;47.972;false
461;Jacqueline Williamson;17/02/1956;20.786;false
462;Adam Myers;20/10/2072;39.321;true
463;Wayne Duncan;03/03/1925;88.604;false
464;Emily Schmidt;14/08/2065;65.097;false
465;Diane Richards;12/06/2090;72.698;true
466;Steve Robinson;18/06/2086;4.347;true
467;Teresa Graham;06/11/1910;54.162;true
468;Andrea Schmidt;09/05/2095;40.685;false
469;Jerry Hunter;01/08/2006;42.383;false
470;Harry Matthews;07/10/2061;87.015;false
471;Bruce Chavez;06/01/1958;40.634;false
472;Jimmy Sims;07/03/2040;81.048;false
473;Sara Sanders;02/02/1936;41.254;false
474;Margaret Wood;10/06/2035;43.424;false
475;Chris Collins;16/03/1915;87.222;false
476;Justin Stevens;13/06/2018;71.286;false
477;Randy Morrison;28/01/1959;64.291;false
478;Carlos Jackson;13/04/2065;19.904;false
479;Irene Ramirez;09/07/1919;92.072;false
480;Robin Mitchell;20/05/1984;51.377;false
481;Sarah Boyd;26/05/2031;61.753;false
482;Anthony Smith;10/01/1964;49.907;false
483;Betty Bishop;29/07/2009;63.617;false
484;Christopher Baker;26/03/2035;47.945;true
485;Jessica Banks;20/03/2053;16.947;false
486;Ronald Berry;28/01/2089;75.513;false
487;Steven Medina;30/04/1960;57.384;false
488;Wayne Gilbert;18/01/2054;78.43;false
489;Lawrence Frazier;06/04/1951;73.129;false
490;Jose Cox;16/09/1995;2.621;true
491;David Ryan;05/11/1917;25.923;false
492;Christina Morrison;12/02/2064;16.864;false
493;Evelyn Garcia;17/05/1914;51.688;false
494;Joe Boyd;27/10/2031;90.574;true
495;Stephen Ramirez;03/07/1974;97.031;true
496;Martin Freeman;29/11/2016;62.22;false
497;Shirley Martin;21/07/1980;7.707;true
498;Brandon Morris;21/03/2095;5.023;false
499;Raymond Freeman;31/03/2082;7.973;false
500;Donald Stone;26/07/1979;37.725;true
501;Deborah Banks;24/02/2015;23.443;true
502;Andrew King;26/03/1915;53.494;false
503;Jack Hawkins;23/12/2067;55.456;true
504;Tina Clark;14/09/1904;16.367;true
505;Russell Kelley;09/07/2080;37.102;true
506;Kenneth Cunningham;04/04/1928;76.462;true
507;Carolyn Reynolds;31/05/1973;88.038;true
508;Clarence Banks;10/12/2046;2.857;false
509;Joe Harris;27/06/2092;58.297;false
510;Brenda Gray;13/02/2063;22.564;false
511;Raymond Freeman;10/06/2063;90.173;true
512;Jacqueline Rodriguez;19/07/2087;77.321;true
513;Lillian Wallace;30/06/2036;35.799;true
514;Irene Banks;26/09/2010;85.47;false
515;Raymond Hernandez;19/01/2007;62.707;true
516;Matthew Stanley;24/02/1939;38.995;true
517;Jack Marshall;21/09/2013;8.117;false
518;Maria Freeman;26/05/2088;21.164;false
519;Helen Greene;26/01/2057;47.898;true
520;Tammy Gray;03/10/1922;24.639;true
521;Chris Reed;10/04/1952;46.066;true
522;Betty Tucker;12/04/1952;63.631;true
523;Ashley Powell;17/03/2073;15.305;false
524;Joseph Ryan;23/01/1918;13.51;false
525;Michelle Hunt;31/08/1944;92.464;true
526;Jeremy Young;04/02/2041;95.545;true
527;Harry Hunt;09/11/1952;75.614;true
528;Albert Henry;10/07/1924;94.069;true
529;Rebecca Coleman;10/03/1982;32.132;false
530;Henry Jacobs;08/02/2077;59.592;true
531;Stephen Phillips;16/08/2021;18.29;false
532;Paul Day;02/03/2007;24.649;true
533;Nicholas Cunningham;30/07/2037;52.458;true
534;Cynthia Mills;08/05/1962;50.784;true
535;James Owens;25/08/1932;45.112;true
536;Sandra Daniels;12/07/1979;60.905;true
537;Steve Dixon;06/02/2060;29.748;true
538;Michael Adams;19/11/2049;5.575;true
539;Evelyn Lane;26/04/2042;87.193;false
540;Steven Kennedy;16/06/1998;56.819;false
541;Arthur Foster;03/02/1996;74.458;false
542;William Hicks;26/10/2074;81.431;false
543;Wanda Sanchez;06/10/2088;77.609;false
544;Eugene Palmer;12/11/2047;66.843;false
545;Joshua Barnes;12/06/2058;55.92;true
546;Janet Palmer;19/03/2079;76.07;true
547;Judith Perkins;27/08/1914;99.207;false
548;Heather Mitchell;24/04/2035;58.592;false
549;Tammy Marshall;04/04/2100;58.434;false
550;Jane Richardson;06/09/1926;59.252;false
551;Jerry Kelly;12/06/1962;93.277;true
552;Jane Dixon;22/04/1997;75.074;false
553;Walter Gonzalez;22/04/1926;83.011;false
554;Julie Sanders;11/05/2068;32.646;true
555;Margaret Rivera;12/07/1985;96.407;false
556;Russell Cruz;21/03/2089;21.951;true
557;Joe Pierce;13/01/2095;18.052;false
558;Kimberly Roberts;12/12/1934;49.552;true
559;Gary Henry;16/11/2006;55.166;false
560;Rose Sanchez;05/05/1906;47.963;true
561;Frances Bailey;28/06/1961;95.369;false
562;Stephen Lopez;14/11/2093;78.723;false
563;Kevin Berry;07/05/1910;99.46;false
564;Brandon Henry;22/11/1928;28.99;true
565;Tammy Brown;29/01/1985;61.336;true
566;Julie Lopez;09/11/2017;24.302;true
567;Lisa Stewart;10/02/2065;87.59;false
568;Jason White;30/03/2069;8.561;true
569;Carl Snyder;29/06/2053;82.861;true
570;Terry Smith;31/07/2051;79.035;true
571;Kathleen Mason;08/03/2041;57.725;true
572;Irene Morgan;10/12/2092;57.317;true
573;Christina Allen;14/08/2074;75.542;false
574;Eugene Dunn;09/12/1979;8.43;false
575;Christine Williamson;27/02/2040;52.808;true
576;Mary Burns;18/06/1939;43.462;false
577;Julie Hayes;25/09/2055;73.123;false
578;Lawrence Pierce;05/01/1997;90.925;false
579;Marilyn Collins;22/12/2017;76.329;false
580;Ralph Ward;25/01/2060;43.58;false
581;Peter Garrett;27/02/2063;89.088;true
582;Phyllis Harper;26/04/1937;98.045;false
583;Justin Morrison;16/09/2036;86.076;false
584;Carlos Coleman;22/10/2027;50.825;true
585;Carolyn Romero;11/04/1903;36.495;false
586;Dennis Lopez;08/09/1948;32.008;true
587;Beverly Ellis;08/01/2028;1.81;false
588;Chris Stanley;22/06/2014;11.412;false
589;Arthur Williamson;24/04/2065;22.255;false
590;Andrew Baker;16/08/2050;25.711;true
591;Theresa Crawford;01/05/2008;85.836;false
592;Donald James;09/09/2078;82.528;true
593;Andrea Simpson;19/01/2063;7.636;true
594;Louise Garrett;13/05/2092;94.171;false
595;Joe Nguyen;21/09/1931;79.519;true
596;Kathryn Medina;29/11/1971;22.154;true
597;Martin George;01/11/2042;27.54;false
598;Joseph Stephens;07/01/1913;5.215;false
599;Paul Brown;27/06/1971;56.738;false
600;Judy Garza;25/03/2020;69.268;true
601;Wanda Williams;28/07/1930;55.492;true
602;Nancy Baker;24/05/1919;53.901;true
603;Karen Harrison;27/09/2017;61.185;true
604;Edward Edwards;19/11/2016;45.58;false
605;Cheryl Ford;31/12/2049;20.841;true
606;Eugene Martin;03/06/2051;74.084;false
607;Steven Moreno;22/01/1921;42.928;true
608;Brandon Rodriguez;01/08/1939;86.988;false
609;Nicholas Shaw;30/03/2059;1.297;true
610;Anne King;24/10/1942;24.979;true
611;Thomas Alvarez;03/08/1900;61.031;true
612;Joshua Franklin;26/11/1971;6.864;true
613;Sarah Warren;06/03/2014;93.714;false
614;Beverly Lewis;17/10/1995;7.646;false
615;Randy Lewis;06/11/2025;82.448;false
616;Theresa Ford;19/08/1942;17.5;true
617;Matthew Cunningham;15/10/2098;17.548;false
618;Gregory Banks;17/10/1924;35.816;true
619;Susan Parker;29/12/2099;53.791;false
620;Amanda Moreno;14/10/1998;51.267;true
621;Howard Reid;03/09/2067;91.608;true
622;Amanda Chapman;04/03/1906;48.047;false
623;Richard Moore;08/11/1942;47.95;false
624;Pamela Morgan;09/09/1940;83.897;true
625;Bruce Austin;22/05/2043;42.157;true
626;Jeremy Bell;02/10/1944;69.774;false
627;Timothy Arnold;20/01/1950;5.868;true
628;Dennis Brooks;29/06/1923;93.757;true
629;Michael Alexander;14/09/2098;33.062;true
630;Shirley Jackson;16/07/2067;62.528;true
631;Brenda Vasquez;22/01/2073;45.711;false
632;Gregory Ferguson;29/05/1922;18.788;false
633;Sandra Morris;07/10/1918;71.699;false
634;Annie Cooper;18/03/1959;46.723;true
635;Debra Lewis;25/11/2009;44.185;false
636;Brenda Marshall;01/07/1934;78.021;true
637;Adam Medina;14/04/2070;79.519;true
638;Denise Burke;05/03/2086;61.879;true
639;Janice Garza;04/04/1905;45.17;true
640;Doris Stanley;02/05/1907;76.573;true
641;Todd Turner;07/03/2091;75.21;true
642;Ruby Brown;22/11/2080;31.501;false
643;Larry Roberts;03/07/1929;19.986;true
644;Jason Ellis;27/01/1965;27.155;false
645;Debra Young;09/01/2060;30.011;true
646;Lisa Howard;04/08/1978;87.048;false
647;George Green;22/12/2069;84.923;false
648;Joseph Edwards;31/12/1902;12.704;false
649;Linda Martin;01/10/1946;72.636;true
650;Kelly Cole;25/10/1956;58.052;false
651;Adam Montgomery;07/03/2044;72.911;true
652;Irene Kim;11/04/1953;50.48;false
653;Nancy Howell;14/08/2090;80.506;true
654;Betty Bradley;18/12/2046;92.533;true
655;Doris Wilson;17/01/2066;23.609;true
656;Rose Ramirez;09/08/2038;3.079;false
657;Jessica Wright;31/10/2017;77.747;false
658;Susan Stephens;20/03/2047;26.8;false
659;Ernest Stanley;27/11/1958;42.587;true
660;Elizabeth Medina;18/06/1997;71.642;false
661;Jason Owens;22/04/1979;46.711;false
662;Betty Nguyen;01/11/1911;72.868;true
663;Brenda Kim;13/07/1921;22.387;false
664;Paula Hart;06/11/2058;24.123;false
665;Alice Wells;24/04/2044;38.044;false
666;Phyllis Carroll;10/03/2055;61.166;false
667;Nicole Gilbert;21/05/2075;4.497;false
668;Janice Medina;15/04/1977;47.648;true
669;Carl Long;25/05/1912;23.219;false
670;Philip Bishop;23/05/1914;50.394;false
671;Judith Lee;11/09/1979;18.075;false
672;Stephen Roberts;16/02/2035;56.385;true
673;Eugene Jacobs;18/04/2069;93.772;true
674;Nicole Daniels;13/03/2076;99.456;false
675;Julie Fisher;25/08/2095;45.34;true
676;Ralph Boyd;01/10/2059;66.865;true
677;Paul Flores;10/10/2039;44.605;false
678;Stephen Fields;14/04/1989;38.175;false
679;Terry James;25/02/1901;99.4;false
680;Thomas Holmes;25/07/2042;20.538;false
681;Anthony Black;23/11/2091;15.874;false
682;Daniel Owens;26/11/2007;2.372;false
683;Patrick Williamson;17/11/2088;4.26;true
684;Kathleen Hunt;22/08/1939;71.517;true
685;Stephen Campbell;29/11/2018;62.754;false
686;Rachel Burke;27/06/1952;61.83;true
687;Dennis Peterson;25/11/1935;54.555;true
688;Paul Ross;20/08/2070;34.354;false
689;Bobby West;26/12/1942;74.042;true
690;Stephanie Long;10/06/2055;8.697;false
691;Barbara Owens;03/06/1914;80.181;true
692;Raymond Burns;09/07/2051;33.264;true
693;Kelly Evans;20/09/2085;71.582;true
694;Keith Lopez;16/12/1913;52.931;false
695;Mary Cook;20/04/1953;21.879;false
696;Ralph Riley;28/08/2068;16.355;true
697;Susan Russell;28/11/2072;83.414;false
698;Chris Clark;08/11/1904;29.133;true
699;Philip Clark;06/07/2070;39.55;false
700;Gregory Richards;21/12/2042;87.746;true
701;Doris Myers;04/02/2043;24.606;true
702;Ruby Walker;10/07/2079;96.14;true
703;Roger Moreno;29/09/2056;1.973;true
704;Bruce Larson;08/01/1957;36.504;true
705;Elizabeth Harper;09/12/1916;27.051;true
706;Phillip Graham;19/02/2016;72.969;true
707;Maria Marshall;06/01/2032;52.454;false
708;Linda Hayes;02/01/2068;3.318;false
709;Carlos Johnston;11/11/2074;4.497;true
710;Heather Ford;25/02/1960;14.434;false
711;Billy Wagner;22/07/1980;2.102;true
712;Ashley Young;22/03/2097;55.529;false
713;Jerry Harper;25/10/1925;59.146;true
714;Steven Fisher;03/09/1909;40.09;false
715;Michael Turner;17/10/1925;13.753;true
716;Diane Long;21/04/2015;71.107;true
717;Judith Simpson;12/09/1968;22.801;true
718;Sharon Stewart;16/01/2020;68.936;false
719;James Stanley;26/03/1942;54.911;false
720;Jennifer Powell;21/02/1920;24.655;true
721;Diane Mason;25/09/2038;2.276;true
722;Earl Mills;05/12/1956;74.103;true
723;Kenneth Grant;13/02/2059;84.123;false
724;Denise Hunt;17/10/2077;64.074;true
725;Chris Banks;15/07/2020;50.124;true
726;Andrea Gibson;01/06/2062;89.622;false
727;Lois Nguyen;06/06/2080;1.955;false
728;Lois Day;31/03/1925;86.442;true
729;James Hanson;20/01/2025;26.042;false
730;Stephanie Harper;17/08/2068;79.511;false
731;Bonnie Barnes;21/10/2095;15.981;false
732;Carl Banks;03/04/2012;48.725;true
733;Benjamin Diaz;18/09/1981;63.811;true
734;Larry Ross;13/02/1966;53.887;true
735;Carolyn Castillo;18/08/1952;28.937;true
736;David Arnold;05/08/2014;93.66;true
737;Donna Cruz;18/12/2037;28.162;false
738;Tammy Foster;03/07/2042;63.871;true
739;Patrick Howard;23/03/2030;98.422;false
740;Cheryl Stevens;06/05/2050;76.932;true
741;Judith Henry;30/08/1948;38.849;true
742;Todd Patterson;09/06/1955;4.981;false
743;Maria Wheeler;30/03/1934;28.972;false
744;Julia Howard;07/07/1944;31.148;true
745;Gary King;23/12/1951;21.518;true
746;Jesse Green;21/06/2017;98.448;false
747;Carol King;22/08/2048;22.176;true
748;Virginia Myers;17/02/1932;55.495;false
749;Richard Flores;22/04/1908;19.232;true
750;Brenda Vasquez;02/05/2008;50.661;true
751;Tina Griffin;24/05/1935;32.78;true
752;Karen Robinson;14/01/1958;48.782;false
753;Roy Fuller;27/12/1942;77.773;true
754;Dennis Wheeler;25/05/2085;43.621;false
755;Jean Ryan;27/12/1968;72.637;false
756;James Taylor;10/10/1971;56.846;false
757;David Kelley;20/12/2081;47.838;true
758;Louis Rivera;24/06/2060;97.039;false
759;Ann Black;28/12/2079;83.194;false
760;Bobby Campbell;18/09/1996;46.1;true
761;Albert Gray;11/05/2003;59.411;true
762;Jose Russell;08/09/2048;97.566;false
763;Joyce Ray;11/07/2098;53.891;true
764;Karen Bryant;16/04/1994;77.962;false
765;Phillip Kelley;14/06/1967;41.56;false
766;Teresa Carroll;07/08/1996;16.655;false
767;Albert Sanders;24/12/1975;26.008;true
768;Roy Wilson;04/02/2075;68.102;true
769;Angela Simmons;27/04/1919;62.013;true
770;Elizabeth Lewis;19/02/2097;90.568;false
771;Heather Campbell;20/08/2095;38.776;false
772;Denise Bailey;28/03/2050;49.862;true
773;Tammy Rivera;16/09/2047;67.252;true
774;Keith Kelly;12/01/1952;52.056;false
775;Carol Nguyen;13/12/2014;5.479;true
776;Carolyn Dixon;19/11/2068;1.516;false
777;Kathy Harvey;12/08/2038;41.267;true
778;Marie Howell;07/06/1962;58.49;true
779;Eric Rivera;02/12/2089;19.551;false
780;Harry Ray;07/12/2082;72.106;false
781;Beverly Burton;15/03/1933;1.328;false
782;Katherine Collins;21/01/2082;90.739;true
783;Aaron Moreno;21/05/2004;53.374;false
784;Judith Anderson;19/07/2082;87.995;false
785;Angela Wright;07/07/1980;72.119;true
786;Michael Austin;21/07/2053;74.003;true
787;Jose Hanson;07/10/2071;33.432;true
788;Kevin Anderson;04/03/1919;70.468;false
789;Jacqueline Jenkins;19/06/2082;56.434;false
790;Juan Holmes;28/10/1904;49.408;false
791;Joan Howell;03/08/2057;68.172;true
792;Marilyn Burke;03/03/2081;21.687;false
793;Matthew Cole;21/05/2053;38.274;false
794;Gary Mccoy;27/05/1984;36.394;true
795;Kathleen Mendoza;04/01/1917;36.706;false
796;Angela Sanchez;01/05/2072;21.034;true
797;Shirley Mcdonald;06/02/2000;25.785;true
798;Wayne Alexander;21/05/1919;54.541;true
799;Alan Flores;03/02/1942;25.246;false
800;Debra Ross;10/11/1953;88.506;true
801;Harold Hanson;29/10/2098;22.437;false
802;Richard Wood;24/01/2012;52.877;true
803;Shirley Gomez;08/05/2088;56.613;false
804;Roger Stevens;20/10/2029;44.518;false
805;Louise Hunt;23/06/1947;3.791;false
806;Terry Fuller;09/09/1932;47.611;true
807;Dorothy Carter;18/01/1979;77.388;true
808;Eric Howell;24/03/2055;6.555;false
809;Anne Palmer;19/07/1952;2.564;true
810;Martin Miller;02/11/1939;47.847;true
811;Ralph Armstrong;27/06/1995;73.653;true
812;Sara Rivera;28/02/2071;83.74;true
813;Craig Martinez;15/02/2035;42.289;false
814;Louise Pierce;12/07/1906;56.86;false
815;Jason Ortiz;05/05/2033;30.114;false
816;Ashley Roberts;03/06/1979;10.485;false
817;Henry James;27/08/2037;99.011;true
818;Louise Scott;02/10/2089;66.161;false
819;Richard Richardson;05/08/2061;11.622;false
820;Benjamin Simmons;12/12/1972;52.214;true
821;Nancy Jordan;13/06/1941;5.471;true
822;Sara Thomas;28/02/2022;40.029;false
823;Maria Murray;09/07/1920;56.891;true
824;Kevin Cook;10/03/2054;96.518;true
825;Ruth Collins;18/10/2007;4.619;true
826;Beverly Andrews;14/07/1906;52.632;true
827;Joseph Williams;15/07/2053;99.828;false
828;Angela Alexander;05/07/2062;37.435;false
829;Beverly Ward;17/11/2070;71.047;false
830;Fred Murray;26/06/2017;40.028;true
831;Janet Snyder;20/02/2004;26.997;true
832;Melissa Ruiz;03/06/1979;63.903;true
833;Eric Moore;09/06/2007;65.407;true
834;Timothy Howell;13/07/2019;96.116;false
835;Juan Rivera;21/11/2052;36.881;true
836;Doris Holmes;11/02/2018;30.522;false
837;Theresa Martinez;06/09/2084;10.572;true
838;Julie Hughes;16/01/1977;16.052;false
839;Randy Little;30/03/2017;95.96;false
840;Jesse Pierce;21/11/1986;71.829;false
841;Jacqueline Hart;23/04/2054;64.407;true
842;Jesse Garza;03/12/2023;31.973;false
843;Marie Snyder;28/07/1931;76.606;true
844;Ashley Stone;29/05/2073;97.745;false
845;Philip Russell;22/03/1952;24.448;false
846;Sean Coleman;08/09/1926;37.329;false
847;Michael Robertson;12/06/2058;72.902;true
848;Frances Peters;01/08/2089;10.433;true
849;John Payne;01/09/2060;4.349;true
850;Bobby Coleman;02/04/1979;87.554;true
851;Ruby Garrett;06/04/1976;26.626;false
852;Bonnie Phillips;05/10/1928;88.737;false
853;Alan Boyd;05/07/1941;85.572;false
854;Mark Riley;13/01/2057;22.416;false
855;Todd Wilson;07/11/1983;49.323;false
856;Terry Hall;29/09/1901;83.178;true
857;Louise King;24/09/1975;98.983;true
858;Stephen Lane;02/10/2060;95.438;false
859;Joseph Ellis;16/08/2069;86.184;true
860;Gregory Carpenter;17/07/2018;6.193;false
861;Gloria Riley;02/08/1925;68.056;false
862;Michelle Armstrong;19/01/1923;58.395;false
863;Ronald Gutierrez;20/03/1947;81.326;true
864;Joan Gardner;22/02/1938;46.666;true
865;Christina Bowman;02/06/2019;18.861;true
866;Russell Matthews;02/01/2008;53.234;false
867;Nicholas Sullivan;08/01/2030;45.875;false
868;Louis Mitchell;07/07/1956;95.829;true
869;Sara Spencer;10/06/1930;70.903;true
870;Jason Hudson;06/11/1913;38.694;false
871;Alice Rivera;14/01/2053;51.296;true
872;Bruce Armstrong;26/01/2064;85.674;true
873;Harold Edwards;25/12/1968;81.534;false
874;Kathy Thomas;26/11/2097;22.989;false
875;Edward Anderson;14/12/2051;93.795;false
876;Judith Watkins;29/08/1902;85.484;true
877;Judy Hicks;22/08/1932;16.024;true
878;Sandra Martinez;08/06/1995;95.198;false
879;Joshua Wallace;05/06/2050;12.572;true
880;Randy Bradley;02/12/1914;8.332;false
881;Mildred Hunt;14/05/1903;92.708;false
882;Sara Black;07/09/1934;91.198;false
883;Shawn Reynolds;12/10/1901;79.037;true
884;Carlos Fisher;05/07/2018;44.019;true
885;Fred Moreno;03/11/2076;61.509;true
886;Judith Webb;15/02/2004;83.497;true
887;Jose Bryant;14/12/2084;11.59;false
888;Maria Webb;06/04/2096;94.391;true
889;Brian Sanchez;10/10/2080;97.722;false
890;Chris Morris;13/09/1941;77.939;false
891;Terry Taylor;12/09/2048;44.657;true
892;Victor Rodriguez;16/01/1968;68.768;false
893;Jonathan Grant;25/02/2056;69.221;true
894;Debra Jordan;25/03/2024;66.705;false
895;Jessica Cook;02/05/2012;38.721;true
896;Dorothy Howell;15/09/2032;7.409;false
897;Wanda Peterson;16/09/2001;70.126;false
898;Donald Hart;07/04/2028;88.776;true
899;Bonnie Murphy;08/10/1991;54.072;false
900;Joshua Robinson;20/01/2035;77.613;true
901;Jane Hanson;20/08/2080;27.638;false
902;Todd Stevens;08/11/1905;9.926;true
903;Paula Carr;11/07/1908;24.966;false
904;Gregory Long;24/03/1927;25.661;false
905;Shirley Stanley;20/09/2057;71.234;true
906;Thomas Freeman;22/08/2032;5.689;false
907;Benjamin Jones;03/03/1995;14.127;false
908;Ashley Griffin;22/06/1954;53.605;false
909;Melissa Peters;12/01/2038;92.084;false
910;Brandon Jones;22/08/2050;60.853;false
911;Alan Morgan;20/09/2006;2.61;true
912;Lori Fowler;12/07/2096;30.575;true
913;Charles Gray;17/12/1912;97.041;false
914;Scott Ramos;03/09/2069;5.858;true
915;Billy Garrett;30/04/1971;73.889;false
916;Gregory Miller;03/11/2086;72.96;false
917;Debra Medina;23/01/2088;31.452;false
918;Ryan Watson;29/11/2026;94.797;true
919;Victor Cooper;06/12/1954;50.687;false
920;Roy Hawkins;08/03/1979;26.959;true
921;Jerry Burke;24/03/1994;84.399;true
922;Kevin Taylor;02/11/2033;52.114;false
923;Janet Wells;15/01/2072;43.327;true
924;Brandon Butler;18/04/1988;32.561;true
925;Norma Cole;25/10/2003;37.559;false
926;Christine Ruiz;29/01/2027;64.666;true
927;Jesse Nelson;20/05/2079;7.018;false
928;Kathryn Bowman;10/12/1944;94.43;false
929;Andrea Riley;11/05/2060;74.896;true
930;Samuel Roberts;15/03/2024;87.376;true
931;Donald Campbell;25/06/1918;5.585;true
932;Steve Franklin;22/05/2061;51.43;false
933;Janet Robertson;11/03/1963;11.296;false
934;Samuel Moore;10/09/2028;40.878;false
935;Kathy Simmons;09/11/2023;18.545;true
936;Roger Moore;22/06/2073;89.045;false
937;Helen Gibson;21/01/2031;2.119;true
938;Lois Parker;21/12/1973;47.745;false
939;Carlos Collins;15/06/2042;67.617;true
940;Marie Scott;28/02/2098;60.202;true
941;Andrea Murphy;08/03/2067;40.967;false
942;Joseph Hernandez;28/09/2021;68.25;true
943;Brenda Daniels;27/07/1955;14.99;false
944;Marilyn Carter;08/02/1969;42.323;true
945;Christine Harris;03/12/1992;54.258;true
946;Ronald Palmer;04/10/2037;43.305;true
947;Heather Allen;16/07/2075;60.338;true
948;Ashley Collins;02/01/2090;79.702;false
949;Chris Jacobs;27/06/2047;58.834;false
950;Steven Nelson;09/01/2064;33.098;true
951;Jose Simmons;31/12/1979;53.995;false
952;Tina Howell;07/09/2073;55.06;true
953;Kathleen Rogers;12/12/2088;21.645;true
954;Karen Berry;13/05/1947;93.413;true
955;Amanda Hayes;24/01/2024;63.702;true
956;Rebecca Watson;07/02/2033;73.091;false
957;Todd Nelson;29/10/1959;50.13;true
958;Anne Morgan;17/11/2012;69.395;true
959;Earl Harvey;24/02/2044;94.846;true
960;Robert Weaver;16/09/2017;35.178;true
961;Sara Arnold;23/09/1956;29.297;true
962;Walter Shaw;29/12/2052;55.28;true
963;David Murphy;06/06/1951;22.391;false
964;Joseph Ryan;27/02/1958;30.929;true
965;Judith Phillips;21/11/2010;26.618;false
966;Julia Simmons;03/02/2097;53.068;true
967;Pamela Vasquez;01/02/2082;42.447;true
968;Carlos Howard;09/02/1911;38.651;true
969;Fred Reynolds;31/01/1970;40.84;true
970;Gerald Campbell;09/03/2082;11.911;true
971;Peter Hall;29/01/1951;5.432;false
972;Brandon Jacobs;28/09/2061;78.021;false
973;Eugene Wilson;22/12/2000;3.502;false
974;Lori Washington;22/07/1961;46.165;true
975;Tammy Matthews;05/06/1911;38.596;true
976;Diana Ruiz;28/05/2011;41.458;false
977;Lisa Spencer;01/01/1933;10.549;true
978;Ruth Murphy;26/06/1945;35.283;true
979;Elizabeth Dunn;18/10/1944;9.791;false
980;Nancy Howard;04/03/2032;53.533;false
981;Bruce Reyes;03/03/2011;12.687;false
982;Marilyn Chapman;07/09/2097;92.181;false
983;Martha Gonzalez;21/09/2052;29.258;false
984;Wanda Hernandez;26/02/1966;22.017;false
985;Janet Griffin;25/11/2054;14.713;true
986;Christine Young;26/08/2085;3.84;false
987;Christina Fernandez;19/08/2075;63.55;false
988;Anne Rodriguez;17/02/1954;76.614;false
989;Ernest Barnes;15/06/1963;71.239;true
990;Alice Shaw;01/10/2063;21.664;true
991;Judith Ford;07/12/1926;64.402;false
992;Diana Boyd;10/08/2099;94.696;true
993;Rose Freeman;16/07/2009;60.868;false
994;Ralph Kelley;14/05/2035;76.301;false
995;Lisa Ruiz;13/06/2059;50.026;false
996;Mildred Warren;14/04/1901;76.579;true
997;Chris Bradley;24/06/2033;43.533;true
998;Harold Butler;23/08/1962;20.04;true
999;Wanda Hanson;15/09/2096;90.887;true
1000;Julia Rogers;15/05/2066;26.899;false
1271;Mac 127;12/12/1127;127.127;false
